id;address_1;address_2;name;phone;email_acc_id;default_address
1;contingency;Kwacha Investor;Coordinator input Expanded;921-960-5160 x9963;invoice;true
2;backing up;Health backing up;RAM;(455) 989-5581;Architect Small violet;true
3;Cambridgeshire Lead withdrawal;South Dakota Extended;revolutionary Object-based;629-798-2425 x4254;Paraguay;true
4;Associate Netherlands Antilles;lavender teal;Jewelery Consultant migration;(326) 871-9695;bandwidth;true
5;redundant Intelligent Wooden Bike Isle of Man;back-end;COM wireless discrete;813-508-0631;Licensed Wooden Mouse Awesome;false
6;Brazilian Real;Sleek Implemented Canadian Dollar;Handcrafted Frozen Chicken;(184) 707-1715;Concrete Fantastic Plastic Hat;false
7;orange plum;Auto Loan Account;ROI Passage program;807.931.5295;matrices Buckinghamshire input;true
8;Money Market Account;Chair;Representative Advanced;336.802.8450 x9001;Shoals FTP;false
9;pixel Phased;Springs reciprocal;Guarani Personal Loan Account generating;910-217-1413 x835;connect;false
10;5th generation;Lead TCP viral;Engineer deposit SSL;1-092-081-8385;Product invoice Cambridgeshire;false
